{
    "original": {
        "('sub-001', 'ses-001')": [
            0.6575018763542175,
            0.7717621922492981,
            0.658076822757721,
            0.684658944606781
        ],
        "('sub-001', 'ses-002')": [
            0.5937537550926208,
            0.7719072103500366,
            0.6769100427627563,
            0.6883743405342102
        ],
        "('sub-001', 'ses-003')": [
            0.7879987955093384,
            0.7076476216316223,
            0.5752079486846924,
            0.6375737190246582
        ],
        "('sub-001', 'ses-004')": [
            0.5741569399833679,
            0.7631579041481018,
            0.615812361240387,
            0.5759393572807312
        ],
        "('sub-018', 'ses-001')": [
            0.5955350399017334,
            0.7298245429992676,
            0.6007378697395325,
            0.5819796323776245
        ],
        "('sub-018', 'ses-002')": [
            0.469131737947464,
            0.8079710006713867,
            0.7227830290794373,
            0.7628564238548279
        ],
        "('sub-018', 'ses-003')": [
            0.5116388201713562,
            0.7997914552688599,
            0.714062511920929,
            0.735622763633728
        ],
        "('sub-018', 'ses-004')": [
            0.6847168803215027,
            0.7468208074569702,
            0.6481767892837524,
            0.6797235608100891
        ]
    },
    "new": {
        "('sub-001', 'ses-001')": [
            0.6625730991363525,
            0.7653927803039551,
            0.6471515893936157,
            0.6726469993591309
        ],
        "('sub-001', 'ses-002')": [
            0.5809391736984253,
            0.7667526006698608,
            0.6696481704711914,
            0.6780053377151489
        ],
        "('sub-001', 'ses-003')": [
            0.7952519655227661,
            0.7028073668479919,
            0.5685997009277344,
            0.6163928508758545
        ],
        "('sub-001', 'ses-004')": [
            0.5865881443023682,
            0.7655502557754517,
            0.6240282654762268,
            0.5862082242965698
        ],
        "('sub-018', 'ses-001')": [
            0.5396763682365417,
            0.7695906162261963,
            0.6616513729095459,
            0.6252940893173218
        ],
        "('sub-018', 'ses-002')": [
            0.4177323579788208,
            0.8200483322143555,
            0.7399688959121704,
            0.7645933628082275
        ],
        "('sub-018', 'ses-003')": [
            0.48239758610725403,
            0.7956204414367676,
            0.7074193954467773,
            0.723447322845459
        ],
        "('sub-018', 'ses-004')": [
            0.6394613981246948,
            0.7653179168701172,
            0.673383355140686,
            0.6901745796203613
        ]
    }
}