{
    "original": {
        "('sub-001', 'ses-001')": [
            0.6575018763542175,
            0.7717621922492981,
            0.658076822757721,
            0.684658944606781
        ],
        "('sub-001', 'ses-002')": [
            0.5937537550926208,
            0.7719072103500366,
            0.6769100427627563,
            0.6883743405342102
        ],
        "('sub-001', 'ses-003')": [
            0.7879987955093384,
            0.7076476216316223,
            0.5752079486846924,
            0.6375737190246582
        ],
        "('sub-001', 'ses-004')": [
            0.5741569399833679,
            0.7631579041481018,
            0.615812361240387,
            0.5759393572807312
        ],
        "('sub-018', 'ses-001')": [
            0.5955350399017334,
            0.7298245429992676,
            0.6007378697395325,
            0.5819796323776245
        ],
        "('sub-018', 'ses-002')": [
            0.469131737947464,
            0.8079710006713867,
            0.7227830290794373,
            0.7628564238548279
        ],
        "('sub-018', 'ses-003')": [
            0.5116388201713562,
            0.7997914552688599,
            0.714062511920929,
            0.735622763633728
        ],
        "('sub-018', 'ses-004')": [
            0.6847168803215027,
            0.7468208074569702,
            0.6481767892837524,
            0.6797235608100891
        ]
    },
    "new": {
        "('sub-001', 'ses-001')": [
            0.776928186416626,
            0.7038216590881348,
            0.5649458169937134,
            0.6070035696029663
        ],
        "('sub-001', 'ses-002')": [
            0.6718852519989014,
            0.7164948582649231,
            0.6046226024627686,
            0.6424205899238586
        ],
        "('sub-001', 'ses-003')": [
            0.9436303973197937,
            0.6234269142150879,
            0.4649314284324646,
            0.5583646297454834
        ],
        "('sub-001', 'ses-004')": [
            0.712317168712616,
            0.7033492922782898,
            0.5270943641662598,
            0.525073766708374
        ],
        "('sub-018', 'ses-001')": [
            0.7000349760055542,
            0.6923976540565491,
            0.5634901523590088,
            0.5890160799026489
        ],
        "('sub-018', 'ses-002')": [
            0.5121914148330688,
            0.782608687877655,
            0.6906118988990784,
            0.7529139518737793
        ],
        "('sub-018', 'ses-003')": [
            0.6922364234924316,
            0.7247132658958435,
            0.6131469011306763,
            0.6624857187271118
        ],
        "('sub-018', 'ses-004')": [
            0.7575069069862366,
            0.6809248328208923,
            0.563672661781311,
            0.622856855392456
        ]
    }
}